stage_ft, flow_cfs	
0.00	,	2.78	
0.01	,	3.12	
0.02	,	3.49	
0.03	,	3.88	
0.04	,	4.29	
0.05	,	4.73	
0.06	,	5.19	
0.07	,	5.67	
0.08	,	6.18	
0.09	,	6.71	
0.10	,	7.26	
0.11	,	7.84	
0.12	,	8.45	
0.13	,	9.08	
0.14	,	9.74	
0.15	,	10.42	
0.16	,	11.13	
0.17	,	11.87	
0.18	,	12.63	
0.19	,	13.42	
0.20	,	14.23	
0.21	,	14.95	
0.22	,	15.69	
0.23	,	16.45	
0.24	,	17.23	
0.25	,	18.03	
0.26	,	18.85	
0.27	,	19.69	
0.28	,	20.55	
0.29	,	21.43	
0.30	,	22.33	
0.31	,	23.26	
0.32	,	24.20	
0.33	,	25.17	
0.34	,	26.15	
0.35	,	27.16	
0.36	,	28.19	
0.37	,	29.24	
0.38	,	30.31	
0.39	,	31.41	
0.40	,	32.52	
0.41	,	33.66	
0.42	,	34.82	
0.43	,	36.00	
0.44	,	37.21	
0.45	,	38.43	
0.46	,	39.68	
0.47	,	40.95	
0.48	,	42.24	
0.49	,	43.56	
0.50	,	44.90	
0.51	,	46.26	
0.52	,	47.64	
0.53	,	49.05	
0.54	,	50.47	
0.55	,	51.93	
0.56	,	53.40	
0.57	,	54.90	
0.58	,	56.42	
0.59	,	57.97	
0.60	,	59.54	
0.61	,	61.13	
0.62	,	62.74	
0.63	,	64.38	
0.64	,	66.04	
0.65	,	67.73	
0.66	,	69.44	
0.67	,	71.17	
0.68	,	72.93	
0.69	,	74.71	
0.70	,	76.52	
0.71	,	78.35	
0.72	,	80.21	
0.73	,	82.08	
0.74	,	83.99	
0.75	,	85.92	
0.76	,	87.87	
0.77	,	89.84	
0.78	,	91.85	
0.79	,	93.87	
0.80	,	95.92	
0.81	,	98.00	
0.82	,	100.10	
0.83	,	102.23	
0.84	,	104.38	
0.85	,	106.55	
0.86	,	108.75	
0.87	,	110.98	
0.88	,	113.23	
0.89	,	115.51	
0.90	,	117.81	
0.91	,	120.14	
0.92	,	122.49	
0.93	,	124.87	
0.94	,	127.27	
0.95	,	129.70	
0.96	,	132.16	
0.97	,	134.64	
0.98	,	137.15	
0.99	,	139.68	
1.00	,	142.24	
1.01	,	144.82	
1.02	,	147.43
1.03	,	150.07	
1.04	,	152.74	
1.05	,	155.43	
1.06	,	158.14	
1.07	,	160.88	
1.08	,	163.65	
1.09	,	166.45	
1.10	,	169.27	
1.11	,	172.12	
1.12	,	174.99	
1.13	,	177.90	
1.14	,	180.82	
1.15	,	183.78	
1.16	,	186.76	
1.17	,	189.75	
1.18	,	192.77	
1.19	,	195.82	
1.20	,	198.89	
1.21	,	201.99	
1.22	,	205.12	
1.23	,	208.27	
1.24	,	211.45	
1.25	,	214.66	
1.26	,	217.89	
1.27	,	221.15	
1.28	,	224.44	
1.29	,	227.75	
1.30	,	231.09	
1.31	,	234.46	
1.32	,	237.86	
1.33	,	241.28	
1.34	,	244.73	
1.35	,	248.21	
1.36	,	251.72	
1.37	,	255.25	
1.38	,	258.81	
1.39	,	262.40	
1.40	,	266.02	
1.41	,	269.66	
1.42	,	273.33	
1.43	,	277.03	
1.44	,	280.75	
1.45	,	284.51	
1.46	,	288.29	
1.47	,	292.10	
1.48	,	295.94	
1.49	,	299.80	
1.50	,	303.69	
1.51	,	307.62	
1.52	,	311.56	
1.53	,	315.54	
1.54	,	319.55	
1.55	,	323.58	
1.56	,	327.64	
1.57	,	331.73	
1.58	,	335.85	
1.59	,	340.00	
1.60	,	344.17	
1.61	,	348.38	
1.62	,	352.61	
1.63	,	356.87	
1.64	,	361.16	
1.65	,	365.48	
1.66	,	369.82	
1.67	,	374.20	
1.68	,	378.60	
1.69	,	383.03	
1.70	,	387.50	
1.71	,	391.99	
1.72	,	396.50	
1.73	,	401.05	
1.74	,	405.63	
1.75	,	410.23	
1.76	,	414.87	
1.77	,	419.53	
1.78	,	424.22	
1.79	,	428.95	
1.80	,	433.70	
1.81	,	438.48	
1.82	,	443.29	
1.83	,	448.13	
1.84	,	452.99	
1.85	,	457.89	
1.86	,	462.82	
1.87	,	467.77	
1.88	,	472.76	
1.89	,	477.77	
1.90	,	482.82	
1.91	,	487.89	
1.92	,	492.99	
1.93	,	498.13	
1.94	,	503.29	
1.95	,	508.48	
1.96	,	513.70	
1.97	,	518.96	
1.98	,	524.24	
1.99	,	529.55	
2.00	,	534.89	
2.01	,	540.26	
2.02	,	545.66	
2.03	,	551.09	
2.04	,	556.55	
2.05	,	562.04	
2.06	,	567.57	
2.07	,	573.12	
2.08	,	578.70	
2.09	,	584.31	
2.10	,	589.95	
2.11	,	595.62	
2.12	,	601.32	
2.13	,	607.06	
2.14	,	612.82	
2.15	,	618.61	
2.16	,	624.44	
2.17	,	630.29	
2.18	,	636.17	
2.19	,	642.09	
2.20	,	648.03	
2.21	,	654.01	
2.22	,	660.02	
2.23	,	667.91	
2.24	,	675.86	
2.25	,	683.86	
2.26	,	691.92	
2.27	,	700.02	
2.28	,	708.18	
2.29	,	716.39	
2.30	,	724.66	
2.31	,	732.98	
2.32	,	741.35	
2.33	,	749.77	
2.34	,	758.25	
2.35	,	766.77	
2.36	,	775.36	
2.37	,	783.99	
2.38	,	792.68	
2.39	,	801.43	
2.40	,	810.22	
2.41	,	819.07	
2.42	,	827.97	
2.43	,	836.93	
2.44	,	845.94	
2.45	,	855.01	
2.46	,	864.12	
2.47	,	873.30	
2.48	,	882.52	
2.49	,	891.80	
2.50	,	901.14	
2.51	,	910.53	
2.52	,	919.97	
2.53	,	929.47	
2.54	,	939.02	
2.55	,	948.62	
2.56	,	958.28	
2.57	,	968.00	
2.58	,	977.77	
2.59	,	987.59	
2.60	,	997.47	
2.61	,	1007.41	
2.62	,	1017.39	
2.63	,	1027.44	
2.64	,	1037.54	
2.65	,	1047.69	
2.66	,	1057.90	
2.67	,	1068.16	
2.68	,	1078.48	
2.69	,	1088.86	
2.70	,	1099.29	
2.71	,	1109.77	
2.72	,	1120.32	
2.73	,	1130.91	
2.74	,	1141.56	
2.75	,	1152.27	
2.76	,	1163.04	
2.77	,	1173.86	
2.78	,	1184.73	
2.79	,	1195.66	
2.80	,	1206.65	
2.81	,	1217.69	
2.82	,	1228.79	
2.83	,	1239.95	
2.84	,	1251.16	
2.85	,	1262.43	
2.86	,	1273.75	
2.87	,	1285.13	
2.88	,	1296.57	
2.89	,	1308.06	
2.90	,	1319.61	
2.91	,	1331.22	
2.92	,	1342.88	
2.93	,	1354.60	
2.94	,	1366.38	
2.95	,	1378.21	
2.96	,	1390.10	
2.97	,	1402.05	
2.98	,	1414.06	
2.99	,	1426.12	
3.00	,	1438.24	
3.01	,	1450.41	
3.02	,	1462.65	
3.03	,	1474.94	
3.04	,	1487.28	
3.05	,	1499.69	
3.06	,	1512.15	
3.07	,	1524.67	
3.08	,	1537.25	
3.09	,	1549.89	
3.10	,	1562.58	
3.11	,	1575.33	
3.12	,	1588.14	
3.13	,	1601.00	
3.14	,	1613.93	
3.15	,	1626.91	
3.16	,	1639.95	
3.17	,	1653.05	
3.18	,	1666.20	
3.19	,	1679.42	
3.20	,	1692.69	
3.21	,	1706.02	
3.22	,	1719.41	
3.23	,	1732.86	
3.24	,	1746.36	
3.25	,	1759.93	
3.26	,	1773.55	
3.27	,	1787.23	
3.28	,	1800.97	
3.29	,	1814.77	
3.30	,	1828.63	
3.31	,	1842.54	
3.32	,	1856.52	
3.33	,	1870.55	
3.34	,	1884.64	
3.35	,	1898.80	
3.36	,	1913.01	
3.37	,	1927.28	
3.38	,	1941.60	
3.39	,	1955.99	
3.40	,	1970.44	
3.41	,	1984.95	
3.42	,	1999.51	
3.43	,	2014.14	
3.44	,	2028.82	
3.45	,	2043.56	
3.46	,	2058.37	
3.47	,	2073.23	
3.48	,	2088.15	
3.49	,	2103.14	
3.50	,	2118.18	
3.51	,	2133.28	
3.52	,	2148.44	
3.53	,	2163.66	
3.54	,	2178.94	
3.55	,	2194.28	
3.56	,	2209.69	
3.57	,	2225.15	
3.58	,	2240.67	
3.59	,	2256.25	
3.60	,	2271.89	
3.61	,	2287.59	
3.62	,	2303.36	
3.63	,	2319.18	
3.64	,	2335.06	
3.65	,	2351.01	
3.66	,	2367.01	
3.67	,	2383.07	
3.68	,	2399.20	
3.69	,	2415.38	
3.70	,	2431.63	
3.71	,	2445.56	
3.72	,	2458.50	
3.73	,	2471.48	
3.74	,	2484.48	
3.75	,	2497.51	
3.76	,	2510.57	
3.77	,	2523.67	
3.78	,	2536.79	
3.79	,	2549.94	
3.80	,	2563.12	
3.81	,	2576.34	
3.82	,	2589.58	
3.83	,	2602.85	
3.84	,	2616.15	
3.85	,	2629.49	
3.86	,	2642.85	
3.87	,	2656.24	
3.88	,	2669.66	
3.89	,	2683.11	
3.90	,	2696.59	
3.91	,	2710.11	
3.92	,	2723.65	
3.93	,	2737.22	
3.94	,	2750.82	
3.95	,	2764.45	
3.96	,	2778.11	
3.97	,	2791.80	
3.98	,	2805.52	
3.99	,	2819.26	
4.00	,	2833.04	
4.01	,	2846.85	
4.02	,	2860.69	
4.03	,	2874.56	
4.04	,	2888.45	
4.05	,	2902.38	
4.06	,	2916.33	
4.07	,	2930.32	
4.08	,	2944.33	
4.09	,	2958.38	
4.10	,	2972.45	
4.11	,	2986.56	
4.12	,	3000.69	
4.13	,	3014.85	
4.14	,	3029.04	
4.15	,	3043.26	
4.16	,	3057.51	
4.17	,	3071.79	
4.18	,	3086.10	
4.19	,	3100.44	
4.20	,	3114.81	
4.21	,	3129.20	
4.22	,	3143.63	
4.23	,	3158.08	
4.24	,	3172.57	
4.25	,	3187.08	
4.26	,	3201.63	
4.27	,	3216.20	
4.28	,	3230.80	
4.29	,	3245.43	
4.30	,	3260.09	
4.31	,	3274.78	
4.32	,	3289.50	
4.33	,	3304.24	
4.34	,	3319.02	
4.35	,	3333.82	
4.36	,	3348.66	
4.37	,	3363.52	
4.38	,	3378.41	
4.39	,	3393.33	
4.40	,	3408.28	
4.41	,	3423.26	
4.42	,	3438.27	
4.43	,	3453.31	
4.44	,	3468.37	
4.45	,	3483.47	
4.46	,	3498.59	
4.47	,	3513.74	
4.48	,	3528.93	
4.49	,	3544.14	
4.50	,	3559.38	
4.51	,	3574.64	
4.52	,	3589.94	
4.53	,	3605.27	
4.54	,	3620.62	
4.55	,	3636.00	
4.56	,	3651.42	
4.57	,	3666.86	
4.58	,	3682.33	
4.59	,	3697.82	
4.60	,	3713.35	
4.61	,	3728.91	
4.62	,	3744.49	
4.63	,	3760.10	
4.64	,	3775.74	
4.65	,	3791.41	
4.66	,	3805.44	
4.67	,	3819.48	
4.68	,	3833.55	
4.69	,	3847.65	
4.70	,	3861.76	
4.71	,	3875.90	
4.72	,	3890.06	
4.73	,	3904.24	
4.74	,	3918.45	
4.75	,	3932.68	
4.76	,	3946.93	
4.77	,	3961.20	
4.78	,	3975.50	
4.79	,	3989.82	
4.80	,	4004.16	
4.81	,	4018.52	
4.82	,	4032.91	
4.83	,	4047.32	
4.84	,	4061.75	
4.85	,	4076.21	
4.86	,	4090.69	
4.87	,	4105.19	
4.88	,	4119.71	
4.89	,	4134.26	
4.90	,	4148.83	
4.91	,	4163.42	
4.92	,	4178.03	
4.93	,	4192.67	
4.94	,	4207.33	
4.95	,	4222.01	
4.96	,	4236.71	
4.97	,	4251.44	
4.98	,	4266.19	
4.99	,	4280.96	
5.00	,	4295.75	
5.01	,	4310.57	
5.02	,	4325.41	
5.03	,	4340.27	
5.04	,	4355.16	
5.05	,	4370.06	
5.06	,	4384.99	
5.07	,	4399.94	
5.08	,	4414.92	
5.09	,	4429.91	
5.10	,	4444.93	
5.11	,	4459.97	
5.12	,	4475.04	
5.13	,	4490.12	
5.14	,	4505.23	
5.15	,	4520.36	
5.16	,	4535.51	
5.17	,	4550.69	
5.18	,	4565.89	
5.19	,	4581.11	
5.20	,	4596.35	
5.21	,	4611.61	
5.22	,	4626.90	
5.23	,	4642.21	
5.24	,	4657.54	
5.25	,	4672.90	
5.26	,	4688.27	
5.27	,	4703.67	
5.28	,	4719.09	
5.29	,	4734.53	
5.30	,	4750.00
5.31	,	4766.65	
5.32	,	4783.32	
5.33	,	4800.00	
5.34	,	4816.69	
5.35	,	4833.39	
5.36	,	4850.10	
5.37	,	4866.83	
5.38	,	4883.57	
5.39	,	4900.32	
5.40	,	4917.08	
5.41	,	4933.85	
5.42	,	4950.64	
5.43	,	4967.43	
5.44	,	4984.24	
5.45	,	5001.06	
5.46	,	5017.90	
5.47	,	5034.74	
5.48	,	5051.60	
5.49	,	5068.46	
5.50	,	5085.34	
5.51	,	5102.23	
5.52	,	5119.14	
5.53	,	5136.05	
5.54	,	5152.98	
5.55	,	5169.91	
5.56	,	5186.86	
5.57	,	5203.82	
5.58	,	5220.79	
5.59	,	5237.78	
5.60	,	5254.77	
5.61	,	5271.78	
5.62	,	5288.79	
5.63	,	5305.82	
5.64	,	5322.86	
5.65	,	5339.91	
5.66	,	5356.98	
5.67	,	5374.05	
5.68	,	5391.14	
5.69	,	5408.23	
5.70	,	5425.34	
5.71	,	5442.46	
5.72	,	5459.59	
5.73	,	5476.73	
5.74	,	5493.88	
5.75	,	5511.05	
5.76	,	5528.22	
5.77	,	5545.41	
5.78	,	5562.60	
5.79	,	5579.81	
5.80	,	5597.03	
5.81	,	5614.26	
5.82	,	5631.50	
5.83	,	5648.75	
5.84	,	5666.01	
5.85	,	5683.29	
5.86	,	5700.57	
5.87	,	5717.87	
5.88	,	5735.17	
5.89	,	5752.49	
5.90	,	5769.82	
5.91	,	5787.15	
5.92	,	5804.50	
5.93	,	5821.86	
5.94	,	5839.23	
5.95	,	5856.62	
5.96	,	5874.01	
5.97	,	5891.41	
5.98	,	5908.83	
5.99	,	5926.25	
6.00	,	5943.68	
6.01	,	5961.13	
6.02	,	5978.59	
6.03	,	5996.05	
6.04	,	6013.53	
6.05	,	6031.02	
6.06	,	6048.52	
6.07	,	6066.02	
6.08	,	6083.54	
6.09	,	6101.07	
6.10	,	6118.61	
6.11	,	6136.16	
6.12	,	6153.73	
6.13	,	6171.30	
6.14	,	6188.88	
6.15	,	6206.47	
6.16	,	6224.07	
6.17	,	6241.69	
6.18	,	6259.31	
6.19	,	6276.94	
6.20	,	6294.59	
6.21	,	6312.24	
6.22	,	6329.91	
6.23	,	6347.58	
6.24	,	6365.27	
6.25	,	6382.96	
6.26	,	6400.67	
6.27	,	6418.38	
6.28	,	6436.11	
6.29	,	6453.84	
6.30	,	6471.59	
6.31	,	6489.34	
6.32	,	6507.11	
6.33	,	6524.89	
6.34	,	6542.67	
6.35	,	6560.47	
6.36	,	6578.27	
6.37	,	6596.09	
6.38	,	6613.92	
6.39	,	6631.75	
6.40	,	6649.60	
6.41	,	6667.45	
6.42	,	6685.32	
6.43	,	6703.20	
6.44	,	6721.08	
6.45	,	6738.98	
6.46	,	6756.88	
6.47	,	6774.80	
6.48	,	6792.72	
6.49	,	6810.66	
6.50	,	6828.60	
6.51	,	6846.56	
6.52	,	6864.52	
6.53	,	6882.49	
6.54	,	6900.48	
6.55	,	6918.47	
6.56	,	6936.48	
6.57	,	6954.49	
6.58	,	6972.51	
6.59	,	6990.54	
6.60	,	7008.58	
6.61	,	7026.64	
6.62	,	7044.70	
6.63	,	7062.77	
6.64	,	7080.85	
6.65	,	7098.94	
6.66	,	7117.04	
6.67	,	7135.15	
6.68	,	7153.27	
6.69	,	7171.39	
6.70	,	7189.53	
6.71	,	7207.68	
6.72	,	7225.84	
6.73	,	7244.00	
6.74	,	7262.18	
6.75	,	7280.36	
6.76	,	7298.56	
6.77	,	7316.76	
6.78	,	7334.97	
6.79	,	7353.20	
6.80	,	7371.43	
6.81	,	7389.67	
6.82	,	7407.92	
6.83	,	7426.18	
6.84	,	7444.45	
6.85	,	7462.73	
6.86	,	7481.02	
6.87	,	7499.31	
6.88	,	7517.62	
6.89	,	7535.94	
6.90	,	7554.26	
6.91	,	7572.60	
6.92	,	7590.94	
6.93	,	7609.29	
6.94	,	7627.65	
6.95	,	7646.02	
6.96	,	7664.40	
6.97	,	7682.79	
6.98	,	7701.19	
6.99	,	7719.60	
7.00	,	7738.02	
7.01	,	7756.44	
7.02	,	7774.88	
7.03	,	7793.32	
7.04	,	7811.77	
7.05	,	7830.24	
7.06	,	7848.71	
7.07	,	7867.19	
7.08	,	7885.68	
7.09	,	7904.17	
7.10	,	7922.68	
7.11	,	7941.20	
7.12	,	7959.72	
7.13	,	7978.26	
7.14	,	7996.80	
7.15	,	8015.35	
7.16	,	8033.91	
7.17	,	8052.48	
7.18	,	8071.06	
7.19	,	8089.65	
7.20	,	8108.24	
7.21	,	8126.85	
7.22	,	8145.46	
7.23	,	8164.08	
7.24	,	8182.72	
7.25	,	8201.36	
7.26	,	8220.01	
7.27	,	8238.66	
7.28	,	8257.33	
7.29	,	8276.01	
7.30	,	8294.69	
7.31	,	8313.38	
7.32	,	8332.08	
7.33	,	8350.80	
7.34	,	8369.51	
7.35	,	8388.24	
7.36	,	8406.98	
7.37	,	8425.72	
7.38	,	8444.48	
7.39	,	8463.24	
7.40	,	8482.01	
7.41	,	8500.79	
7.42	,	8519.58	
7.43	,	8538.38	
7.44	,	8557.18	
7.45	,	8576.00	
7.46	,	8594.82	
7.47	,	8613.65	
7.48	,	8632.49	
7.49	,	8651.34	
7.50	,	8670.19	
7.51	,	8689.06	
7.52	,	8707.93	
7.53	,	8726.82	
7.54	,	8745.71	
7.55	,	8764.61	
7.56	,	8783.51	
7.57	,	8802.43	
7.58	,	8821.35	
7.59	,	8840.29	
7.60	,	8859.23	
7.61	,	8878.18	
7.62	,	8897.14	
7.63	,	8916.10	
7.64	,	8935.08	
7.65	,	8954.06	
7.66	,	8973.05	
7.67	,	8992.05	
7.68	,	9011.06	
7.69	,	9030.08	
7.70	,	9049.10	
7.71	,	9068.14	
7.72	,	9087.18	
7.73	,	9106.23	
7.74	,	9125.28	
7.75	,	9144.35	
7.76	,	9163.43	
7.77	,	9182.51	
7.78	,	9201.60	
7.79	,	9220.70	
7.80	,	9239.81	
7.81	,	9258.92	
7.82	,	9278.05	
7.83	,	9297.18	
7.84	,	9316.32	
7.85	,	9335.47	
7.86	,	9354.62	
7.87	,	9373.79	
7.88	,	9392.96	
7.89	,	9412.14	
7.90	,	9431.33	
7.91	,	9450.53	
7.92	,	9469.73	
7.93	,	9488.95	
7.94	,	9508.17	
7.95	,	9527.40	
7.96	,	9546.64	
7.97	,	9565.88	
7.98	,	9585.13	
7.99	,	9604.40	
8.00	,	9623.67	
8.01	,	9642.94	
8.02	,	9662.23	
8.03	,	9681.52	
8.04	,	9700.82	
8.05	,	9720.13	
8.06	,	9739.45	
8.07	,	9758.78	
8.08	,	9778.11	
8.09	,	9797.45	
8.10	,	9816.80	
8.11	,	9836.16	
8.12	,	9855.52	
8.13	,	9874.90	
8.14	,	9894.28	
8.15	,	9913.67	
8.16	,	9933.06	
8.17	,	9952.47	
8.18	,	9971.88	
8.19	,	9991.30	
8.20	,	10010.73	
8.21	,	10030.16	
8.22	,	10049.61	
8.23	,	10069.06	
8.24	,	10088.52	
8.25	,	10107.99	
8.26	,	10127.46	
8.27	,	10146.94	
8.28	,	10166.43	
8.29	,	10185.93	
8.30	,	10205.44	
8.31	,	10224.95	
8.32	,	10244.47	
8.33	,	10264.00	
8.34	,	10283.54	
8.35	,	10303.08	
8.36	,	10322.64	
8.37	,	10342.20	
8.38	,	10361.76	
8.39	,	10381.34	
8.40	,	10400.92	
8.41	,	10420.51	
8.42	,	10440.11	
8.43	,	10459.72	
8.44	,	10479.33	
8.45	,	10498.95	
8.46	,	10518.58	
8.47	,	10538.21	
8.48	,	10557.86	
8.49	,	10577.51	
8.50	,	10597.17	
8.51	,	10616.84	
8.52	,	10636.51	
8.53	,	10656.19	
8.54	,	10675.88	
8.55	,	10695.58	
8.56	,	10715.28	
8.57	,	10734.99	
8.58	,	10754.71	
8.59	,	10774.44	
8.60	,	10794.17	
8.61	,	10813.92	
8.62	,	10833.66	
8.63	,	10853.42	
8.64	,	10873.19	
8.65	,	10892.96	
8.66	,	10912.74	
8.67	,	10932.52	
8.68	,	10952.32	
8.69	,	10972.12	
8.70	,	10991.93	
8.71	,	11011.74	
8.72	,	11031.57	
8.73	,	11051.40	
8.74	,	11071.24	
8.75	,	11091.08	
8.76	,	11110.94	
8.77	,	11130.80	
8.78	,	11150.66	
8.79	,	11170.54	
8.80	,	11190.42	
8.81	,	11210.31	
8.82	,	11230.21	
8.83	,	11250.11	
8.84	,	11270.03	
8.85	,	11289.94	
8.86	,	11309.87	
8.87	,	11329.80	
8.88	,	11349.75	
8.89	,	11369.69	
8.90	,	11389.65	
8.91	,	11409.61	
8.92	,	11429.58	
8.93	,	11449.56	
8.94	,	11469.54	
8.95	,	11489.54	
8.96	,	11509.53	
8.97	,	11529.54	
8.98	,	11549.55	
8.99	,	11569.57	
9.00	,	11589.60	
9.01	,	11609.64	
9.02	,	11629.68	
9.03	,	11649.73	
9.04	,	11669.79	
9.05	,	11689.85	
9.06	,	11709.92	
9.07	,	11730.00	
9.08	,	11750.08	
9.09	,	11770.17	
9.10	,	11790.27	
9.11	,	11810.38	
9.12	,	11830.49	
9.13	,	11850.61	
9.14	,	11870.74	
9.15	,	11890.88	
9.16	,	11911.02	
9.17	,	11931.17	
9.18	,	11951.32	
9.19	,	11971.49	
9.20	,	11991.66	
9.21	,	12011.83	
9.22	,	12032.02	
9.23	,	12052.21	
9.24	,	12072.41	
9.25	,	12092.61	
9.26	,	12112.82	
9.27	,	12133.04	
9.28	,	12153.27	
9.29	,	12173.50	
9.30	,	12193.74	
9.31	,	12213.99	
9.32	,	12234.24	
9.33	,	12254.50	
9.34	,	12274.77	
9.35	,	12295.05	
9.36	,	12315.33	
9.37	,	12335.62	
9.38	,	12355.91	
9.39	,	12376.22	
9.40	,	12396.53	
9.41	,	12416.84	
9.42	,	12437.17	
9.43	,	12457.50	
9.44	,	12477.83	
9.45	,	12498.18	
9.46	,	12518.53	
9.47	,	12538.89	
9.48	,	12559.25	
9.49	,	12579.62	
9.50	,	12600.00
9.51	,	12621.28	
9.52	,	12642.58	
9.53	,	12663.88	
9.54	,	12685.19	
9.55	,	12706.51	
9.56	,	12727.84	
9.57	,	12749.18	
9.58	,	12770.52	
9.59	,	12791.88	
9.60	,	12813.24	
9.61	,	12834.61	
9.62	,	12855.99	
9.63	,	12877.38	
9.64	,	12898.77	
9.65	,	12920.18	
9.66	,	12941.59	
9.67	,	12963.02	
9.68	,	12984.45	
9.69	,	13005.89	
9.70	,	13027.33	
9.71	,	13048.79	
9.72	,	13070.26	
9.73	,	13091.73	
9.74	,	13113.21	
9.75	,	13134.70	
9.76	,	13156.20	
9.77	,	13177.71	
9.78	,	13199.23	
9.79	,	13220.75	
9.80	,	13242.28	
9.81	,	13263.82	
9.82	,	13285.37	
9.83	,	13306.93	
9.84	,	13328.50	
9.85	,	13350.07	
9.86	,	13371.66	
9.87	,	13393.25	
9.88	,	13414.85	
9.89	,	13436.46	
9.90	,	13458.07	
9.91	,	13479.70	
9.92	,	13501.33	
9.93	,	13522.98	
9.94	,	13544.63	
9.95	,	13566.28	
9.96	,	13587.95	
9.97	,	13609.63	
9.98	,	13631.31	
9.99	,	13653.00	
10.00	,	13674.70	
10.01	,	13696.41	
10.02	,	13718.13	
10.03	,	13739.85	
10.04	,	13761.59	
10.05	,	13783.33	
10.06	,	13805.08	
10.07	,	13826.84	
10.08	,	13848.60	
10.09	,	13870.38	
10.10	,	13892.16	
10.11	,	13913.95	
10.12	,	13935.75	
10.13	,	13957.56	
10.14	,	13979.38	
10.15	,	14001.20	
10.16	,	14023.03	
10.17	,	14044.87	
10.18	,	14066.72	
10.19	,	14088.58	
10.20	,	14110.44	
10.21	,	14132.32	
10.22	,	14154.20	
10.23	,	14176.09	
10.24	,	14197.98	
10.25	,	14219.89	
10.26	,	14241.80	
10.27	,	14263.73	
10.28	,	14285.66	
10.29	,	14307.59	
10.30	,	14329.54	
10.31	,	14351.50	
10.32	,	14373.46	
10.33	,	14395.43	
10.34	,	14417.41	
10.35	,	14439.39	
10.36	,	14461.39	
10.37	,	14483.39	
10.38	,	14505.40	
10.39	,	14527.42	
10.40	,	14549.45	
10.41	,	14571.48	
10.42	,	14593.53	
10.43	,	14615.58	
10.44	,	14637.64	
10.45	,	14659.71	
10.46	,	14681.78	
10.47	,	14703.86	
10.48	,	14725.95	
10.49	,	14748.05	
10.50	,	14770.16	
10.51	,	14792.28	
10.52	,	14814.40	
10.53	,	14836.53	
10.54	,	14858.67	
10.55	,	14880.82	
10.56	,	14902.97	
10.57	,	14925.13	
10.58	,	14947.31	
10.59	,	14969.48	
10.60	,	14991.67	
10.61	,	15013.87	
10.62	,	15036.07	
10.63	,	15058.28	
10.64	,	15080.50	
10.65	,	15102.72	
10.66	,	15124.96	
10.67	,	15147.20	
10.68	,	15169.45	
10.69	,	15191.71	
10.70	,	15213.97	
10.71	,	15236.24	
10.72	,	15258.53	
10.73	,	15280.82	
10.74	,	15303.11	
10.75	,	15325.42	
10.76	,	15347.73	
10.77	,	15370.05	
10.78	,	15392.38	
10.79	,	15414.71	
10.80	,	15437.06	
10.81	,	15459.41	
10.82	,	15481.77	
10.83	,	15504.14	
10.84	,	15526.51	
10.85	,	15548.89	
10.86	,	15571.28	
10.87	,	15593.68	
10.88	,	15616.09	
10.89	,	15638.50	
10.90	,	15660.92	
10.91	,	15683.35	
10.92	,	15705.79	
10.93	,	15728.23	
10.94	,	15750.69	
10.95	,	15773.15	
10.96	,	15795.61	
10.97	,	15818.09	
10.98	,	15840.57	
10.99	,	15863.06	
11.00	,	15885.56	
11.01	,	15908.07	
11.02	,	15930.58	
11.03	,	15953.10	
11.04	,	15975.63	
11.05	,	15998.17	
11.06	,	16020.71	
11.07	,	16043.27	
11.08	,	16065.83	
11.09	,	16088.39	
11.10	,	16110.97	
11.11	,	16133.55	
11.12	,	16156.14	
11.13	,	16178.74	
11.14	,	16201.35	
11.15	,	16223.96	
11.16	,	16246.58	
11.17	,	16269.21	
11.18	,	16291.84	
11.19	,	16314.49	
11.20	,	16337.14	
11.21	,	16359.80	
11.22	,	16382.46	
11.23	,	16405.14	
11.24	,	16427.82	
11.25	,	16450.51	
11.26	,	16473.20	
11.27	,	16495.91	
11.28	,	16518.62	
11.29	,	16541.34	
11.30	,	16564.06	
11.31	,	16586.80	
11.32	,	16609.54	
11.33	,	16632.29	
11.34	,	16655.05	
11.35	,	16677.81	
11.36	,	16700.58	
11.37	,	16723.36	
11.38	,	16746.15	
11.39	,	16768.94	
11.40	,	16791.74	
11.41	,	16814.55	
11.42	,	16837.37	
11.43	,	16860.19	
11.44	,	16883.02	
11.45	,	16905.86	
11.46	,	16928.71	
11.47	,	16951.56	
11.48	,	16974.42	
11.49	,	16997.29	
11.50	,	17020.17	
11.51	,	17043.05	
11.52	,	17065.94	
11.53	,	17088.84	
11.54	,	17111.74	
11.55	,	17134.66	
11.56	,	17157.58	
11.57	,	17180.50	
11.58	,	17203.44	
11.59	,	17226.38	
11.60	,	17249.33	
11.61	,	17272.29	
11.62	,	17295.25	
11.63	,	17318.22	
11.64	,	17341.20	
11.65	,	17364.19	
11.66	,	17387.18	
11.67	,	17410.18	
11.68	,	17433.19	
11.69	,	17456.21	
11.70	,	17479.23	
11.71	,	17502.26	
11.72	,	17525.30	
11.73	,	17548.34	
11.74	,	17571.40	
11.75	,	17594.46	
11.76	,	17617.52	
11.77	,	17640.60	
11.78	,	17663.68	
11.79	,	17686.77	
11.80	,	17709.86	
11.81	,	17732.97	
11.82	,	17756.08	
11.83	,	17779.19	
11.84	,	17802.32	
11.85	,	17825.45	
11.86	,	17848.59	
11.87	,	17871.74	
11.88	,	17894.89	
11.89	,	17918.05	
11.90	,	17941.22	
11.91	,	17964.40	
11.92	,	17987.58	
11.93	,	18010.77	
11.94	,	18033.97	
11.95	,	18057.17	
11.96	,	18080.38	
11.97	,	18103.60	
11.98	,	18126.83	
11.99	,	18150.06	
12.00	,	18173.30	
12.01	,	18196.55	
12.02	,	18219.80	
12.03	,	18243.06	
12.04	,	18266.33	
12.05	,	18289.61	
12.06	,	18312.89	
12.07	,	18336.18	
12.08	,	18359.48	
12.09	,	18382.78	
12.10	,	18406.09	
12.11	,	18429.41	
12.12	,	18452.74	
12.13	,	18476.07	
12.14	,	18499.41	
12.15	,	18522.76	
12.16	,	18546.11	
12.17	,	18569.47	
12.18	,	18592.84	
12.19	,	18616.22	
12.20	,	18639.60	
12.21	,	18662.99	
12.22	,	18686.39	
12.23	,	18709.79	
12.24	,	18733.20	
12.25	,	18756.62	
12.26	,	18780.04	
12.27	,	18803.47	
12.28	,	18826.91	
12.29	,	18850.36	
12.30	,	18873.81	
12.31	,	18897.27	
12.32	,	18920.74	
12.33	,	18944.21	
12.34	,	18967.69	
12.35	,	18991.18	
12.36	,	19014.68	
12.37	,	19038.18	
12.38	,	19061.69	
12.39	,	19085.20	
12.40	,	19108.73	
12.41	,	19132.26	
12.42	,	19155.79	
12.43	,	19179.34	
12.44	,	19202.89	
12.45	,	19226.45	
12.46	,	19250.01	
12.47	,	19273.58	
12.48	,	19297.16	
12.49	,	19320.75	
12.50	,	19344.34	
12.51	,	19367.94	
12.52	,	19391.55	
12.53	,	19415.16	
12.54	,	19438.78	
12.55	,	19462.41	
12.56	,	19486.04	
12.57	,	19509.68	
12.58	,	19533.33	
12.59	,	19556.99	
12.60	,	19580.65	
12.61	,	19604.32	
12.62	,	19627.99	
12.63	,	19651.67	
12.64	,	19675.36	
12.65	,	19699.06	
12.66	,	19722.76	
12.67	,	19746.47	
12.68	,	19770.19	
12.69	,	19793.91	
12.70	,	19817.64	
12.71	,	19841.38	
12.72	,	19865.12	
12.73	,	19888.88	
12.74	,	19912.63	
12.75	,	19936.40	
12.76	,	19960.17	
12.77	,	19983.95	
12.78	,	20007.73	
12.79	,	20031.52	
12.80	,	20055.32	
12.81	,	20079.13	
12.82	,	20102.94	
12.83	,	20126.76	
12.84	,	20150.59	
12.85	,	20174.42	
12.86	,	20198.26	
12.87	,	20222.10	
12.88	,	20245.96	
12.89	,	20269.82	
12.90	,	20293.68	
12.91	,	20317.56	
12.92	,	20341.44	
12.93	,	20365.32	
12.94	,	20389.22	
12.95	,	20413.12	
12.96	,	20437.03	
12.97	,	20460.94	
12.98	,	20484.86	
12.99	,	20508.79	
13.00	,	20532.72	
13.01	,	20556.66	
13.02	,	20580.61	
13.03	,	20604.56	
13.04	,	20628.52	
13.05	,	20652.49	
13.06	,	20676.47	
13.07	,	20700.45	
13.08	,	20724.44	
13.09	,	20748.43	
13.10	,	20772.43	
13.11	,	20796.44	
13.12	,	20820.45	
13.13	,	20844.47	
13.14	,	20868.50	
13.15	,	20892.54	
13.16	,	20916.58	
13.17	,	20940.63	
13.18	,	20964.68	
13.19	,	20988.74	
13.20	,	21012.81	
13.21	,	21036.88	
13.22	,	21060.96	
13.23	,	21085.05	
13.24	,	21109.15	
13.25	,	21133.25	
13.26	,	21157.35	
13.27	,	21181.47	
13.28	,	21205.59	
13.29	,	21229.72	
13.30	,	21253.85	
13.31	,	21277.99	
13.32	,	21302.14	
13.33	,	21326.29	
13.34	,	21350.45	
13.35	,	21374.62	
13.36	,	21398.79	
13.37	,	21422.97	
13.38	,	21447.16	
13.39	,	21471.35	
13.40	,	21495.55	
13.41	,	21519.76	
13.42	,	21543.97	
13.43	,	21568.19	
13.44	,	21592.42	
13.45	,	21616.65	
13.46	,	21640.89	
13.47	,	21665.14	
13.48	,	21689.39	
13.49	,	21713.65	
13.50	,	21737.91	
13.51	,	21762.18	
13.52	,	21786.46	
13.53	,	21810.75	
13.54	,	21835.04	
13.55	,	21859.34	
13.56	,	21883.64	
13.57	,	21907.95	
13.58	,	21932.27	
13.59	,	21956.59	
13.60	,	21980.92	
13.61	,	22005.26	
13.62	,	22029.61	
13.63	,	22053.95	
13.64	,	22078.31	
13.65	,	22102.67	
13.66	,	22127.04	
13.67	,	22151.42	
13.68	,	22175.80	
13.69	,	22200.19	
13.70	,	22224.59	
13.71	,	22248.99	
13.72	,	22273.40	
13.73	,	22297.81	
13.74	,	22322.23	
13.75	,	22346.66	
13.76	,	22371.09	
13.77	,	22395.53	
13.78	,	22419.98	
13.79	,	22444.43	
13.80	,	22468.89	
13.81	,	22493.36	
13.82	,	22517.83	
13.83	,	22542.31	
13.84	,	22566.79	
13.85	,	22591.29	
13.86	,	22615.78	
13.87	,	22640.29	
13.88	,	22664.80	
13.89	,	22689.32	
13.90	,	22713.84	
13.91	,	22738.37	
13.92	,	22762.91	
13.93	,	22787.45	
13.94	,	22812.00	
13.95	,	22836.55	
13.96	,	22861.11	
13.97	,	22885.68	
13.98	,	22910.26	
13.99	,	22934.84	
14.00	,	22959.43	
14.01	,	22984.02	
14.02	,	23008.62	
14.03	,	23033.23	
14.04	,	23057.84	
14.05	,	23082.46	
14.06	,	23107.08	
14.07	,	23131.71	
14.08	,	23156.35	
14.09	,	23181.00	
14.10	,	23205.65	
14.11	,	23230.30	
14.12	,	23254.97	
14.13	,	23279.64	
14.14	,	23304.31	
14.15	,	23328.99	
14.16	,	23353.68	
14.17	,	23378.38	
14.18	,	23403.08	
14.19	,	23427.78	
14.20	,	23452.50	
14.21	,	23477.22	
14.22	,	23501.94	
14.23	,	23526.68	
14.24	,	23551.41	
14.25	,	23576.16	
14.26	,	23600.91	
14.27	,	23625.67	
14.28	,	23650.43	
14.29	,	23675.20	
14.30	,	23699.98	
14.31	,	23724.76	
14.32	,	23749.55	
14.33	,	23774.34	
14.34	,	23799.14	
14.35	,	23823.95	
14.36	,	23848.76	
14.37	,	23873.58	
14.38	,	23898.41	
14.39	,	23923.24	
14.40	,	23948.08	
14.41	,	23972.92	
14.42	,	23997.77	
14.43	,	24022.63	
14.44	,	24047.49	
14.45	,	24072.36	
14.46	,	24097.24	
14.47	,	24122.12	
14.48	,	24147.01	
14.49	,	24171.90	
14.50	,	24196.80	
14.51	,	24221.71	
14.52	,	24246.62	
14.53	,	24271.54	
14.54	,	24296.47	
14.55	,	24321.40	
14.56	,	24346.33	
14.57	,	24371.28	
14.58	,	24396.23	
14.59	,	24421.18	
14.60	,	24446.14	
14.61	,	24471.11	
14.62	,	24496.09	
14.63	,	24521.07	
14.64	,	24546.05	
14.65	,	24571.05	
14.66	,	24596.04	
14.67	,	24621.05	
14.68	,	24646.06	
14.69	,	24671.08	
14.70	,	24696.10	
14.71	,	24721.13	
14.72	,	24746.16	
14.73	,	24771.21	
14.74	,	24796.25	
14.75	,	24821.31	
14.76	,	24846.37	
14.77	,	24871.43	
14.78	,	24896.50	
14.79	,	24921.58	
14.80	,	24946.67	
14.81	,	24971.76	
14.82	,	24996.85	
14.83	,	25021.96	
14.84	,	25047.06	
14.85	,	25072.18	
14.86	,	25097.30	
14.87	,	25122.42	
14.88	,	25147.56	
14.89	,	25172.70	
14.90	,	25197.84	
14.91	,	25222.99	
14.92	,	25248.15	
14.93	,	25273.31	
14.94	,	25298.48	
14.95	,	25323.65	
14.96	,	25348.84	
14.97	,	25374.02	
14.98	,	25399.22	
14.99	,	25424.41	
15.00	,	25449.62	
15.01	,	25474.83	
15.02	,	25500.05	
15.03	,	25525.27	
15.04	,	25550.50	
15.05	,	25575.74	
15.06	,	25600.98	
15.07	,	25626.22	
15.08	,	25651.48	
15.09	,	25676.74	
15.10	,	25702.00	
15.11	,	25727.27	
15.12	,	25752.55	
15.13	,	25777.83	
15.14	,	25803.12	
15.15	,	25828.42	
15.16	,	25853.72	
15.17	,	25879.02	
15.18	,	25904.34	
15.19	,	25929.65	
15.20	,	25954.98	
15.21	,	25980.31	
15.22	,	26005.65	
15.23	,	26030.99	
15.24	,	26056.34	
15.25	,	26081.69	
15.26	,	26107.05	
15.27	,	26132.42	
15.28	,	26157.79	
15.29	,	26183.17	
15.30	,	26208.55	
15.31	,	26233.94	
15.32	,	26259.34	
15.33	,	26284.74	
15.34	,	26310.15	
15.35	,	26335.56	
15.36	,	26360.98	
15.37	,	26386.41	
15.38	,	26411.84	
15.39	,	26437.28	
15.40	,	26462.72	
15.41	,	26488.17	
15.42	,	26513.62	
15.43	,	26539.09	
15.44	,	26564.55	
15.45	,	26590.03	
15.46	,	26615.50	
15.47	,	26640.99	
15.48	,	26666.48	
15.49	,	26691.97	
15.50	,	26717.48	
15.51	,	26742.98	
15.52	,	26768.50	
15.53	,	26794.02	
15.54	,	26819.54	
15.55	,	26845.08	
15.56	,	26870.61	
15.57	,	26896.16	
15.58	,	26921.70	
15.59	,	26947.26	
15.60	,	26972.82	
15.61	,	26998.39	
15.62	,	27023.96	
15.63	,	27049.54	
15.64	,	27075.12	
15.65	,	27100.71	
15.66	,	27126.31	
15.67	,	27151.91	
15.68	,	27177.51	
15.69	,	27203.13	
15.70	,	27228.75	
15.71	,	27254.37	
15.72	,	27280.00	
15.73	,	27305.64	
15.74	,	27331.28	
15.75	,	27356.93	
15.76	,	27382.58	
15.77	,	27408.24	
15.78	,	27433.91	
15.79	,	27459.58	
15.80	,	27485.25	
15.81	,	27510.94	
15.82	,	27536.62	
15.83	,	27562.32	
15.84	,	27588.02	
15.85	,	27613.72	
15.86	,	27639.44	
15.87	,	27665.15	
15.88	,	27690.88	
15.89	,	27716.60	
15.90	,	27742.34	
15.91	,	27768.08	
15.92	,	27793.83	
15.93	,	27819.58	
15.94	,	27845.33	
15.95	,	27871.10	
15.96	,	27896.87	
15.97	,	27922.64	
15.98	,	27948.42	
15.99	,	27974.21	
16.00	,	28000.00
16.01	,	28027.86	
16.02	,	28055.74	
16.03	,	28083.62	
16.04	,	28111.51	
16.05	,	28139.40	
16.06	,	28167.31	
16.07	,	28195.22	
16.08	,	28223.14	
16.09	,	28251.07	
16.10	,	28279.01	
16.11	,	28306.96	
16.12	,	28334.91	
16.13	,	28362.87	
16.14	,	28390.84	
16.15	,	28418.82	
16.16	,	28446.81	
16.17	,	28474.81	
16.18	,	28502.81	
16.19	,	28530.82	
16.20	,	28558.84	
16.21	,	28586.87	
16.22	,	28614.91	
16.23	,	28642.95	
16.24	,	28671.00	
16.25	,	28699.06	
16.26	,	28727.13	
16.27	,	28755.21	
16.28	,	28783.30	
16.29	,	28811.39	
16.30	,	28839.49	
16.31	,	28867.60	
16.32	,	28895.72	
16.33	,	28923.84	
16.34	,	28951.98	
16.35	,	28980.12	
16.36	,	29008.27	
16.37	,	29036.43	
16.38	,	29064.60	
16.39	,	29092.77	
16.40	,	29120.95	
16.41	,	29149.14	
16.42	,	29177.34	
16.43	,	29205.55	
16.44	,	29233.76	
16.45	,	29261.99	
16.46	,	29290.22	
16.47	,	29318.46	
16.48	,	29346.71	
16.49	,	29374.96	
16.50	,	29403.23	
16.51	,	29431.50	
16.52	,	29459.78	
16.53	,	29488.07	
16.54	,	29516.36	
16.55	,	29544.67	
16.56	,	29572.98	
16.57	,	29601.30	
16.58	,	29629.63	
16.59	,	29657.96	
16.60	,	29686.31	
16.61	,	29714.66	
16.62	,	29743.02	
16.63	,	29771.39	
16.64	,	29799.76	
16.65	,	29828.15	
16.66	,	29856.54	
16.67	,	29884.94	
16.68	,	29913.35	
16.69	,	29941.77	
16.70	,	29970.19	
16.71	,	29998.62	
16.72	,	30027.07	
16.73	,	30055.51	
16.74	,	30083.97	
16.75	,	30112.44	
16.76	,	30140.91	
16.77	,	30169.39	
16.78	,	30197.88	
16.79	,	30226.37	
16.80	,	30254.88	
16.81	,	30283.39	
16.82	,	30311.91	
16.83	,	30340.44	
16.84	,	30368.98	
16.85	,	30397.52	
16.86	,	30426.07	
16.87	,	30454.63	
16.88	,	30483.20	
16.89	,	30511.78	
16.90	,	30540.36	
16.91	,	30568.96	
16.92	,	30597.56	
16.93	,	30626.16	
16.94	,	30654.78	
16.95	,	30683.40	
16.96	,	30712.04	
16.97	,	30740.68	
16.98	,	30769.32	
16.99	,	30797.98	
17.00	,	30826.64	
17.01	,	30855.32	
17.02	,	30884.00	
17.03	,	30912.68	
17.04	,	30941.38	
17.05	,	30970.08	
17.06	,	30998.79	
17.07	,	31027.51	
17.08	,	31056.24	
17.09	,	31084.97	
17.10	,	31113.72	
17.11	,	31142.47	
17.12	,	31171.23	
17.13	,	31199.99	
17.14	,	31228.77	
17.15	,	31257.55	
17.16	,	31286.34	
17.17	,	31315.14	
17.18	,	31343.94	
17.19	,	31372.76	
17.20	,	31401.58	
17.21	,	31430.41	
17.22	,	31459.25	
17.23	,	31488.09	
17.24	,	31516.94	
17.25	,	31545.80	
17.26	,	31574.67	
17.27	,	31603.55	
17.28	,	31632.43	
17.29	,	31661.33	
17.30	,	31690.23	
17.31	,	31719.13	
17.32	,	31748.05	
17.33	,	31776.97	
17.34	,	31805.91	
17.35	,	31834.84	
17.36	,	31863.79	
17.37	,	31892.75	
17.38	,	31921.71	
17.39	,	31950.68	
17.40	,	31979.66	
17.41	,	32008.64	
17.42	,	32037.64	
17.43	,	32066.64	
17.44	,	32095.65	
17.45	,	32124.67	
17.46	,	32153.69	
17.47	,	32182.73	
17.48	,	32211.77	
17.49	,	32240.81	
17.50	,	32269.87	
17.51	,	32298.94	
17.52	,	32328.01	
17.53	,	32357.09	
17.54	,	32386.17	
17.55	,	32415.27	
17.56	,	32444.37	
17.57	,	32473.48	
17.58	,	32502.60	
17.59	,	32531.73	
17.60	,	32560.86	
17.61	,	32590.00	
17.62	,	32619.15	
17.63	,	32648.31	
17.64	,	32677.47	
17.65	,	32706.65	
17.66	,	32735.83	
17.67	,	32765.02	
17.68	,	32794.21	
17.69	,	32823.41	
17.70	,	32852.63	
17.71	,	32881.85	
17.72	,	32911.07	
17.73	,	32940.31	
17.74	,	32969.55	
17.75	,	32998.80	
17.76	,	33028.06	
17.77	,	33057.32	
17.78	,	33086.59	
17.79	,	33115.87	
17.80	,	33145.16	
17.81	,	33174.46	
17.82	,	33203.76	
17.83	,	33233.07	
17.84	,	33262.39	
17.85	,	33291.72	
17.86	,	33321.05	
17.87	,	33350.40	
17.88	,	33379.75	
17.89	,	33409.10	
17.90	,	33438.47	
17.91	,	33467.84	
17.92	,	33497.22	
17.93	,	33526.61	
17.94	,	33556.01	
17.95	,	33585.41	
17.96	,	33614.82	
17.97	,	33644.24	
17.98	,	33673.67	
17.99	,	33703.10	
18.00	,	33732.54	
18.01	,	33761.99	
18.02	,	33791.45	
18.03	,	33820.91	
18.04	,	33850.39	
18.05	,	33879.87	
18.06	,	33909.35	
18.07	,	33938.85	
18.08	,	33968.35	
18.09	,	33997.86	
18.10	,	34027.38	
18.11	,	34056.90	
18.12	,	34086.44	
18.13	,	34115.98	
18.14	,	34145.53	
18.15	,	34175.08	
18.16	,	34204.65	
18.17	,	34234.22	
18.18	,	34263.80	
18.19	,	34293.38	
18.20	,	34322.98	
18.21	,	34352.58	
18.22	,	34382.19	
18.23	,	34411.80	
18.24	,	34441.43	
18.25	,	34471.06	
18.26	,	34500.70	
18.27	,	34530.35	
18.28	,	34560.00	
18.29	,	34589.66	
18.30	,	34619.33	
18.31	,	34649.01	
18.32	,	34678.70	
18.33	,	34708.39	
18.34	,	34738.09	
18.35	,	34767.80	
18.36	,	34797.51	
18.37	,	34827.23	
18.38	,	34856.96	
18.39	,	34886.70	
18.40	,	34916.45	
18.41	,	34946.20	
18.42	,	34975.96	
18.43	,	35005.73	
18.44	,	35035.50	
18.45	,	35065.29	
18.46	,	35095.08	
18.47	,	35124.87	
18.48	,	35154.68	
18.49	,	35184.49	
18.50	,	35214.31	
18.51	,	35244.14	
18.52	,	35273.98	
18.53	,	35303.82	
18.54	,	35333.67	
18.55	,	35363.53	
18.56	,	35393.39	
18.57	,	35423.26	
18.58	,	35453.15	
18.59	,	35483.03	
18.60	,	35512.93	
18.61	,	35542.83	
18.62	,	35572.74	
18.63	,	35602.66	
18.64	,	35632.58	
18.65	,	35662.52	
18.66	,	35692.46	
18.67	,	35722.40	
18.68	,	35752.36	
18.69	,	35782.32	
18.70	,	35812.29	
18.71	,	35842.27	
18.72	,	35872.26	
18.73	,	35902.25	
18.74	,	35932.25	
18.75	,	35962.25	
18.76	,	35992.27	
18.77	,	36022.29	
18.78	,	36052.32	
18.79	,	36082.36	
18.80	,	36112.40	
18.81	,	36142.45	
18.82	,	36172.51	
18.83	,	36202.58	
18.84	,	36232.65	
18.85	,	36262.74	
18.86	,	36292.83	
18.87	,	36322.92	
18.88	,	36353.03	
18.89	,	36383.14	
18.90	,	36413.26	
18.91	,	36443.38	
18.92	,	36473.52	
18.93	,	36503.66	
18.94	,	36533.80	
18.95	,	36563.96	
18.96	,	36594.12	
18.97	,	36624.29	
18.98	,	36654.47	
18.99	,	36684.66	
19.00	,	36714.85	
19.01	,	36745.05	
19.02	,	36775.26	
19.03	,	36805.47	
19.04	,	36835.69	
19.05	,	36865.92	
19.06	,	36896.16	
19.07	,	36926.40	
19.08	,	36956.66	
19.09	,	36986.91	
19.10	,	37017.18	
19.11	,	37047.45	
19.12	,	37077.74	
19.13	,	37108.02	
19.14	,	37138.32	
19.15	,	37168.62	
19.16	,	37198.93	
19.17	,	37229.25	
19.18	,	37259.58	
19.19	,	37289.91	
19.20	,	37320.25	
19.21	,	37350.59	
19.22	,	37380.95	
19.23	,	37411.31	
19.24	,	37441.68	
19.25	,	37472.06	
19.26	,	37502.44	
19.27	,	37532.83	
19.28	,	37563.23	
19.29	,	37593.64	
19.30	,	37624.05	
19.31	,	37654.47	
19.32	,	37684.90	
19.33	,	37715.33	
19.34	,	37745.77	
19.35	,	37776.22	
19.36	,	37806.68	
19.37	,	37837.14	
19.38	,	37867.61	
19.39	,	37898.09	
19.40	,	37928.58	
19.41	,	37959.07	
19.42	,	37989.57	
19.43	,	38020.08	
19.44	,	38050.60	
19.45	,	38081.12	
19.46	,	38111.65	
19.47	,	38142.18	
19.48	,	38172.73	
19.49	,	38203.28	
19.50	,	38233.84	
19.51	,	38264.40	
19.52	,	38294.98	
19.53	,	38325.56	
19.54	,	38356.15	
19.55	,	38386.74	
19.56	,	38417.34	
19.57	,	38447.95	
19.58	,	38478.57	
19.59	,	38509.19	
19.60	,	38539.82	
19.61	,	38570.46	
19.62	,	38601.11	
19.63	,	38631.76	
19.64	,	38662.42	
19.65	,	38693.09	
19.66	,	38723.76	
19.67	,	38754.44	
19.68	,	38785.13	
19.69	,	38815.83	
19.70	,	38846.53	
19.71	,	38877.24	
19.72	,	38907.96	
19.73	,	38938.69	
19.74	,	38969.42	
19.75	,	39000.16	
19.76	,	39030.91	
19.77	,	39061.66	
19.78	,	39092.42	
19.79	,	39123.19	
19.80	,	39153.96	
19.81	,	39184.75	
19.82	,	39215.54	
19.83	,	39246.33	
19.84	,	39277.14	
19.85	,	39307.95	
19.86	,	39338.77	
19.87	,	39369.59	
19.88	,	39400.43	
19.89	,	39431.27	
19.90	,	39462.11	
19.91	,	39492.97	
19.92	,	39523.83	
19.93	,	39554.70	
19.94	,	39585.57	
19.95	,	39616.46	
19.96	,	39647.35	
19.97	,	39678.25	
19.98	,	39709.15	
19.99	,	39740.06	
20.00	,	39770.98	
20.01	,	39801.91	
20.02	,	39832.84	
20.03	,	39863.78	
20.04	,	39894.73	
20.05	,	39925.68	
20.06	,	39956.64	
20.07	,	39987.61	
20.08	,	40018.59	
20.09	,	40049.57	
20.10	,	40080.56	
20.11	,	40111.56	
20.12	,	40142.56	
20.13	,	40173.57	
20.14	,	40204.59	
20.15	,	40235.62	
20.16	,	40266.65	
20.17	,	40297.69	
20.18	,	40328.74	
20.19	,	40359.79	
20.20	,	40390.85	
20.21	,	40421.92	
20.22	,	40453.00	
20.23	,	40484.08	
20.24	,	40515.17	
20.25	,	40546.27	
20.26	,	40577.37	
20.27	,	40608.48	
20.28	,	40639.60	
20.29	,	40670.73	
20.30	,	40701.86	
20.31	,	40733.00	
20.32	,	40764.14	
20.33	,	40795.30	
20.34	,	40826.46	
20.35	,	40857.62	
20.36	,	40888.80	
20.37	,	40919.98	
20.38	,	40951.17	
20.39	,	40982.37	
20.40	,	41013.57	
20.41	,	41044.78	
20.42	,	41076.00	
20.43	,	41107.22	
20.44	,	41138.45	
20.45	,	41169.69	
20.46	,	41200.93	
20.47	,	41232.19	
20.48	,	41263.45	
20.49	,	41294.71	
20.50	,	41325.99	
20.51	,	41357.27	
20.52	,	41388.55	
20.53	,	41419.85	
20.54	,	41451.15	
20.55	,	41482.46	
20.56	,	41513.77	
20.57	,	41545.10	
20.58	,	41576.42	
20.59	,	41607.76	
20.60	,	41639.11	
20.61	,	41670.46	
20.62	,	41701.81	
20.63	,	41733.18	
20.64	,	41764.55	
20.65	,	41795.93	
20.66	,	41827.31	
20.67	,	41858.71	
20.68	,	41890.11	
20.69	,	41921.51	
20.70	,	41952.93	
20.71	,	41984.35	
20.72	,	42015.77	
20.73	,	42047.21	
20.74	,	42078.65	
20.75	,	42110.10	
20.76	,	42141.56	
20.77	,	42173.02	
20.78	,	42204.49	
20.79	,	42235.96	
20.80	,	42267.45	
20.81	,	42298.94	
20.82	,	42330.44	
20.83	,	42361.94	
20.84	,	42393.45	
20.85	,	42424.97	
20.86	,	42456.49	
20.87	,	42488.03	
20.88	,	42519.57	
20.89	,	42551.11	
20.90	,	42582.67	
20.91	,	42614.23	
20.92	,	42645.79	
20.93	,	42677.37	
20.94	,	42708.95	
20.95	,	42740.53	
20.96	,	42772.13	
20.97	,	42803.73	
20.98	,	42835.34	
20.99	,	42866.96	
21.00	,	42898.58	
21.01	,	42930.21	
21.02	,	42961.84	
21.03	,	42993.49	
21.04	,	43025.14	
21.05	,	43056.79	
21.06	,	43088.46	
21.07	,	43120.13	
21.08	,	43151.81	
21.09	,	43183.49	
21.10	,	43215.18	
21.11	,	43246.88	
21.12	,	43278.59	
21.13	,	43310.30	
21.14	,	43342.02	
21.15	,	43373.75	
21.16	,	43405.48	
21.17	,	43437.22	
21.18	,	43468.97	
21.19	,	43500.72	
21.20	,	43532.48	
21.21	,	43564.25	
21.22	,	43596.02	
21.23	,	43627.80	
21.24	,	43659.59	
21.25	,	43691.39	
21.26	,	43723.19	
21.27	,	43755.00	
21.28	,	43786.81	
21.29	,	43818.64	
21.30	,	43850.47	
21.31	,	43882.30	
21.32	,	43914.14	
21.33	,	43945.99	
21.34	,	43977.85	
21.35	,	44009.72	
21.36	,	44041.59	
21.37	,	44073.46	
21.38	,	44105.35	
21.39	,	44137.24	
21.40	,	44169.14	
21.41	,	44201.04	
21.42	,	44232.95	
21.43	,	44264.87	
21.44	,	44296.80	
21.45	,	44328.73	
21.46	,	44360.67	
21.47	,	44392.62	
21.48	,	44424.57	
21.49	,	44456.53	
21.50	,	44488.49	
21.51	,	44520.47	
21.52	,	44552.45	
21.53	,	44584.43	
21.54	,	44616.43	
21.55	,	44648.43	
21.56	,	44680.44	
21.57	,	44712.45	
21.58	,	44744.47	
21.59	,	44776.50	
21.60	,	44808.53	
21.61	,	44840.57	
21.62	,	44872.62	
21.63	,	44904.68	
21.64	,	44936.74	
21.65	,	44968.81	
21.66	,	45000.88	
21.67	,	45032.97	
21.68	,	45065.06	
21.69	,	45097.15	
21.70	,	45129.25	
21.71	,	45161.36	
21.72	,	45193.48	
21.73	,	45225.60	
21.74	,	45257.73	
21.75	,	45289.87	
21.76	,	45322.01	
21.77	,	45354.16	
21.78	,	45386.32	
21.79	,	45418.48	
21.80	,	45450.65	
21.81	,	45482.83	
21.82	,	45515.01	
21.83	,	45547.20	
21.84	,	45579.40	
21.85	,	45611.61	
21.86	,	45643.82	
21.87	,	45676.03	
21.88	,	45708.26	
21.89	,	45740.49	
21.90	,	45772.73	
21.91	,	45804.97	
21.92	,	45837.22	
21.93	,	45869.48	
21.94	,	45901.75	
21.95	,	45934.02	
21.96	,	45966.30	
21.97	,	45998.58	
21.98	,	46030.88	
21.99	,	46063.17	
22.00	,	46095.48	
22.01	,	46127.79	
22.02	,	46160.11	
22.03	,	46192.44	
22.04	,	46224.77	
22.05	,	46257.11	
22.06	,	46289.45	
22.07	,	46321.81	
22.08	,	46354.16	
22.09	,	46386.53	
22.10	,	46418.90	
22.11	,	46451.28	
22.12	,	46483.67	
22.13	,	46516.06	
22.14	,	46548.46	
22.15	,	46580.87	
22.16	,	46613.28	
22.17	,	46645.70	
22.18	,	46678.13	
22.19	,	46710.56	
22.20	,	46743.00	
22.21	,	46775.44	
22.22	,	46807.90	
22.23	,	46840.36	
22.24	,	46872.82	
22.25	,	46905.30	
22.26	,	46937.78	
22.27	,	46970.26	
22.28	,	47002.76	
22.29	,	47035.26	
22.30	,	47067.76	
22.31	,	47100.28	
22.32	,	47132.79	
22.33	,	47165.32	
22.34	,	47197.85	
22.35	,	47230.39	
22.36	,	47262.94	
22.37	,	47295.49	
22.38	,	47328.05	
22.39	,	47360.62	
22.40	,	47393.19	
22.41	,	47425.77	
22.42	,	47458.36	
22.43	,	47490.95	
22.44	,	47523.55	
22.45	,	47556.16	
22.46	,	47588.77	
22.47	,	47621.39	
22.48	,	47654.02	
22.49	,	47686.65	
22.50	,	47719.29	
22.51	,	47751.94	
22.52	,	47784.59	
22.53	,	47817.25	
22.54	,	47849.91	
22.55	,	47882.59	
22.56	,	47915.27	
22.57	,	47947.95	
22.58	,	47980.65	
22.59	,	48013.34	
22.60	,	48046.05	
22.61	,	48078.76	
22.62	,	48111.48	
22.63	,	48144.21	
22.64	,	48176.94	
22.65	,	48209.68	
22.66	,	48242.42	
22.67	,	48275.18	
22.68	,	48307.94	
22.69	,	48340.70	
22.70	,	48373.47	
22.71	,	48406.25	
22.72	,	48439.04	
22.73	,	48471.83	
22.74	,	48504.63	
22.75	,	48537.43	
22.76	,	48570.24	
22.77	,	48603.06	
22.78	,	48635.89	
22.79	,	48668.72	
22.80	,	48701.55	
22.81	,	48734.40	
22.82	,	48767.25	
22.83	,	48800.11	
22.84	,	48832.97	
22.85	,	48865.84	
22.86	,	48898.72	
22.87	,	48931.60	
22.88	,	48964.49	
22.89	,	48997.39	
22.90	,	49030.30	
22.91	,	49063.21	
22.92	,	49096.12	
22.93	,	49129.05	
22.94	,	49161.98	
22.95	,	49194.91	
22.96	,	49227.85	
22.97	,	49260.80	
22.98	,	49293.76	
22.99	,	49326.72	
23.00	,	49359.69	
23.01	,	49392.67	
23.02	,	49425.65	
23.03	,	49458.64	
23.04	,	49491.63	
23.05	,	49524.64	
23.06	,	49557.64	
23.07	,	49590.66	
23.08	,	49623.68	
23.09	,	49656.71	
23.10	,	49689.74	
23.11	,	49722.78	
23.12	,	49755.83	
23.13	,	49788.89	
23.14	,	49821.95	
23.15	,	49855.01	
23.16	,	49888.09	
23.17	,	49921.17	
23.18	,	49954.25	
23.19	,	49987.35	
23.20	,	50020.45	
23.21	,	50053.55	
23.22	,	50086.67	
23.23	,	50119.79	
23.24	,	50152.91	
23.25	,	50186.04	
23.26	,	50219.18	
23.27	,	50252.33	
23.28	,	50285.48	
23.29	,	50318.64	
23.30	,	50351.80	
23.31	,	50384.97	
23.32	,	50418.15	
23.33	,	50451.34	
23.34	,	50484.53	
23.35	,	50517.72	
23.36	,	50550.93	
23.37	,	50584.14	
23.38	,	50617.35	
23.39	,	50650.58	
23.40	,	50683.81	
23.41	,	50717.04	
23.42	,	50750.29	
23.43	,	50783.53	
23.44	,	50816.79	
23.45	,	50850.05	
23.46	,	50883.32	
23.47	,	50916.59	
23.48	,	50949.88	
23.49	,	50983.16	
23.50	,	51016.46	
23.51	,	51049.76	
23.52	,	51083.07	
23.53	,	51116.38	
23.54	,	51149.70	
23.55	,	51183.03	
23.56	,	51216.36	
23.57	,	51249.70	
23.58	,	51283.05	
23.59	,	51316.40	
23.60	,	51349.76	
23.61	,	51383.12	
23.62	,	51416.49	
23.63	,	51449.87	
23.64	,	51483.26	
23.65	,	51516.65	
23.66	,	51550.04	
23.67	,	51583.45	
23.68	,	51616.86	
23.69	,	51650.28	
23.70	,	51683.70	
23.71	,	51717.13	
23.72	,	51750.56	
23.73	,	51784.01	
23.74	,	51817.45	
23.75	,	51850.91	
23.76	,	51884.37	
23.77	,	51917.84	
23.78	,	51951.31	
23.79	,	51984.80	
23.80	,	52018.28	
23.81	,	52051.78	
23.82	,	52085.28	
23.83	,	52118.78	
23.84	,	52152.30	
23.85	,	52185.82	
23.86	,	52219.34	
23.87	,	52252.87	
23.88	,	52286.41	
23.89	,	52319.96	
23.90	,	52353.51	
23.91	,	52387.07	
23.92	,	52420.63	
23.93	,	52454.20	
23.94	,	52487.78	
23.95	,	52521.36	
23.96	,	52554.95	
23.97	,	52588.55	
23.98	,	52622.15	
23.99	,	52655.76	
24.00	,	52689.37	
24.01	,	52722.99	
24.02	,	52756.62	
24.03	,	52790.26	
24.04	,	52823.90	
24.05	,	52857.54	
24.06	,	52891.20	
24.07	,	52924.86	
24.08	,	52958.52	
24.09	,	52992.20	
24.10	,	53025.87	
24.11	,	53059.56	
24.12	,	53093.25	
24.13	,	53126.95	
24.14	,	53160.65	
24.15	,	53194.36	
24.16	,	53228.08	
24.17	,	53261.80	
24.18	,	53295.53	
24.19	,	53329.27	
24.20	,	53363.01	
24.21	,	53396.76	
24.22	,	53430.52	
24.23	,	53464.28	
24.24	,	53498.04	
24.25	,	53531.82	
24.26	,	53565.60	
24.27	,	53599.39	
24.28	,	53633.18	
24.29	,	53666.98	
24.30	,	53700.78	
24.31	,	53734.60	
24.32	,	53768.41	
24.33	,	53802.24	
24.34	,	53836.07	
24.35	,	53869.91	
24.36	,	53903.75	
24.37	,	53937.60	
24.38	,	53971.46	
24.39	,	54005.32	
24.40	,	54039.19	
24.41	,	54073.06	
24.42	,	54106.94	
24.43	,	54140.83	
24.44	,	54174.73	
24.45	,	54208.63	
24.46	,	54242.53	
24.47	,	54276.45	
24.48	,	54310.37	
24.49	,	54344.29	
24.50	,	54378.22	
24.51	,	54412.16	
24.52	,	54446.11	
24.53	,	54480.06	
24.54	,	54514.01	
24.55	,	54547.98	
24.56	,	54581.95	
24.57	,	54615.92	
24.58	,	54649.90	
24.59	,	54683.89	
24.60	,	54717.89	
24.61	,	54751.89	
24.62	,	54785.90	
24.63	,	54819.91	
24.64	,	54853.93	
24.65	,	54887.96	
24.66	,	54921.99	
24.67	,	54956.03	
24.68	,	54990.07	
24.69	,	55024.12	
24.70	,	55058.18	
24.71	,	55092.24	
24.72	,	55126.31	
24.73	,	55160.39	
24.74	,	55194.47	
24.75	,	55228.56	
24.76	,	55262.66	
24.77	,	55296.76	
24.78	,	55330.86	
24.79	,	55364.98	
24.80	,	55399.10	
24.81	,	55433.22	
24.82	,	55467.36	
24.83	,	55501.50	
24.84	,	55535.64	
24.85	,	55569.79	
24.86	,	55603.95	
24.87	,	55638.11	
24.88	,	55672.28	
24.89	,	55706.46	
24.90	,	55740.64	
24.91	,	55774.83	
24.92	,	55809.03	
24.93	,	55843.23	
24.94	,	55877.43	
24.95	,	55911.65	
24.96	,	55945.87	
24.97	,	55980.09	
24.98	,	56014.33	
24.99	,	56048.56	
25.00	,	56082.81	
25.01	,	56117.06	
25.02	,	56151.32	
25.03	,	56185.58	
25.04	,	56219.85	
25.05	,	56254.12	
25.06	,	56288.41	
25.07	,	56322.69	
25.08	,	56356.99	
25.09	,	56391.29	
25.10	,	56425.60	
25.11	,	56459.91	
25.12	,	56494.23	
25.13	,	56528.55	
25.14	,	56562.88	
25.15	,	56597.22	
25.16	,	56631.57	
25.17	,	56665.92	
25.18	,	56700.27	
25.19	,	56734.64	
25.20	,	56769.00	
25.21	,	56803.38	
25.22	,	56837.76	
25.23	,	56872.15	
25.24	,	56906.54	
25.25	,	56940.94	
25.26	,	56975.35	
25.27	,	57009.76	
25.28	,	57044.18	
25.29	,	57078.60	
25.30	,	57113.03	
25.31	,	57147.47	
25.32	,	57181.91	
25.33	,	57216.36	
25.34	,	57250.81	
25.35	,	57285.27	
25.36	,	57319.74	
25.37	,	57354.22	
25.38	,	57388.70	
25.39	,	57423.18	
25.40	,	57457.67	
25.41	,	57492.17	
25.42	,	57526.68	
25.43	,	57561.19	
25.44	,	57595.70	
25.45	,	57630.23	
25.46	,	57664.75	
25.47	,	57699.29	
25.48	,	57733.83	
25.49	,	57768.38	
25.50	,	57802.93	
25.51	,	57837.49	
25.52	,	57872.06	
25.53	,	57906.63	
25.54	,	57941.21	
25.55	,	57975.79	
25.56	,	58010.38	
25.57	,	58044.98	
25.58	,	58079.58	
25.59	,	58114.19	
25.60	,	58148.80	
25.61	,	58183.43	
25.62	,	58218.05	
25.63	,	58252.69	
25.64	,	58287.33	
25.65	,	58321.97	
25.66	,	58356.62	
25.67	,	58391.28	
25.68	,	58425.94	
25.69	,	58460.61	
25.70	,	58495.29	
25.71	,	58529.97	
25.72	,	58564.66	
25.73	,	58599.35	
25.74	,	58634.06	
25.75	,	58668.76	
25.76	,	58703.47	
25.77	,	58738.19	
25.78	,	58772.92	
25.79	,	58807.65	
25.80	,	58842.39	
25.81	,	58877.13	
25.82	,	58911.88	
25.83	,	58946.63	
25.84	,	58981.40	
25.85	,	59016.16	
25.86	,	59050.94	
25.87	,	59085.72	
25.88	,	59120.50	
25.89	,	59155.29	
25.90	,	59190.09	
25.91	,	59224.90	
25.92	,	59259.71	
25.93	,	59294.52	
25.94	,	59329.34	
25.95	,	59364.17	
25.96	,	59399.01	
25.97	,	59433.85	
25.98	,	59468.69	
25.99	,	59503.55	
26.00	,	59538.41	
26.01	,	59573.27	
26.02	,	59608.14	
26.03	,	59643.02	
26.04	,	59677.90	
26.05	,	59712.79	
26.06	,	59747.69	
26.07	,	59782.59	
26.08	,	59817.49	
26.09	,	59852.41	
26.10	,	59887.33	
26.11	,	59922.25	
26.12	,	59957.18	
26.13	,	59992.12	
26.14	,	60027.06	
26.15	,	60062.01	
26.16	,	60096.97	
26.17	,	60131.93	
26.18	,	60166.90	
26.19	,	60201.87	
26.20	,	60236.85	
26.21	,	60271.84	
26.22	,	60306.83	
26.23	,	60341.83	
26.24	,	60376.83	
26.25	,	60411.84	
26.26	,	60446.86	
26.27	,	60481.88	
26.28	,	60516.91	
26.29	,	60551.94	
26.30	,	60586.98	
26.31	,	60622.03	
26.32	,	60657.08	
26.33	,	60692.14	
26.34	,	60727.20	
26.35	,	60762.27	
26.36	,	60797.35	
26.37	,	60832.43	
26.38	,	60867.52	
26.39	,	60902.61	
26.40	,	60937.71	
26.41	,	60972.82	
26.42	,	61007.93	
26.43	,	61043.05	
26.44	,	61078.17	
26.45	,	61113.30	
26.46	,	61148.44	
26.47	,	61183.58	
26.48	,	61218.73	
26.49	,	61253.88	
26.50	,	61289.05	
26.51	,	61324.21	
26.52	,	61359.38	
26.53	,	61394.56	
26.54	,	61429.75	
26.55	,	61464.94	
26.56	,	61500.13	
26.57	,	61535.33	
26.58	,	61570.54	
26.59	,	61605.76	
26.60	,	61640.98	
26.61	,	61676.20	
26.62	,	61711.44	
26.63	,	61746.67	
26.64	,	61781.92	
26.65	,	61817.17	
26.66	,	61852.42	
26.67	,	61887.69	
26.68	,	61922.95	
26.69	,	61958.23	
26.70	,	61993.51	
26.71	,	62028.79	
26.72	,	62064.09	
26.73	,	62099.38	
26.74	,	62134.69	
26.75	,	62170.00	
26.76	,	62205.31	
26.77	,	62240.63	
26.78	,	62275.96	
26.79	,	62311.30	
26.80	,	62346.63	
26.81	,	62381.98	
26.82	,	62417.33	
26.83	,	62452.69	
26.84	,	62488.05	
26.85	,	62523.42	
26.86	,	62558.80	
26.87	,	62594.18	
26.88	,	62629.57	
26.89	,	62664.96	
26.90	,	62700.36	
26.91	,	62735.76	
26.92	,	62771.17	
26.93	,	62806.59	
26.94	,	62842.01	
26.95	,	62877.44	
26.96	,	62912.88	
26.97	,	62948.32	
26.98	,	62983.76	
26.99	,	63019.22	
27.00	,	63054.67	
27.01	,	63090.14	
27.02	,	63125.61	
27.03	,	63161.08	
27.04	,	63196.57	
27.05	,	63232.05	
27.06	,	63267.55	
27.07	,	63303.05	
27.08	,	63338.55	
27.09	,	63374.07	
27.10	,	63409.58	
27.11	,	63445.11	
27.12	,	63480.64	
27.13	,	63516.17	
27.14	,	63551.71	
27.15	,	63587.26	
27.16	,	63622.81	
27.17	,	63658.37	
27.18	,	63693.94	
27.19	,	63729.51	
27.20	,	63765.08	
27.21	,	63800.67	
27.22	,	63836.25	
27.23	,	63871.85	
27.24	,	63907.45	
27.25	,	63943.06	
27.26	,	63978.67	
27.27	,	64014.29	
27.28	,	64049.91	
27.29	,	64085.54	
27.30	,	64121.17	
27.31	,	64156.82	
27.32	,	64192.46	
27.33	,	64228.12	
27.34	,	64263.78	
27.35	,	64299.44	
27.36	,	64335.11	
27.37	,	64370.79	
27.38	,	64406.47	
27.39	,	64442.16	
27.40	,	64477.85	
27.41	,	64513.55	
27.42	,	64549.26	
27.43	,	64584.97	
27.44	,	64620.69	
27.45	,	64656.41	
27.46	,	64692.14	
27.47	,	64727.88	
27.48	,	64763.62	
27.49	,	64799.37	
27.50	,	64835.12	
27.51	,	64870.88	
27.52	,	64906.64	
27.53	,	64942.41	
27.54	,	64978.19	
27.55	,	65013.97	
27.56	,	65049.76	
27.57	,	65085.56	
27.58	,	65121.35	
27.59	,	65157.16	
27.60	,	65192.97	
27.61	,	65228.79	
27.62	,	65264.61	
27.63	,	65300.44	
27.64	,	65336.28	
27.65	,	65372.12	
27.66	,	65407.96	
27.67	,	65443.82	
27.68	,	65479.68	
27.69	,	65515.54	
27.70	,	65551.41	
27.71	,	65587.29	
27.72	,	65623.17	
27.73	,	65659.05	
27.74	,	65694.95	
27.75	,	65730.85	
27.76	,	65766.75	
27.77	,	65802.66	
27.78	,	65838.58	
27.79	,	65874.50	
27.80	,	65910.43	
27.81	,	65946.36	
27.82	,	65982.30	
27.83	,	66018.25	
27.84	,	66054.20	
27.85	,	66090.16	
27.86	,	66126.12	
27.87	,	66162.09	
27.88	,	66198.07	
27.89	,	66234.05	
27.90	,	66270.03	
27.91	,	66306.03	
27.92	,	66342.02	
27.93	,	66378.03	
27.94	,	66414.04	
27.95	,	66450.05	
27.96	,	66486.07	
27.97	,	66522.10	
27.98	,	66558.13	
27.99	,	66594.17	
28.00	,	66630.22	
28.01	,	66666.27	
28.02	,	66702.32	
28.03	,	66738.38	
28.04	,	66774.45	
28.05	,	66810.53	
28.06	,	66846.61	
28.07	,	66882.69	
28.08	,	66918.78	
28.09	,	66954.88	
28.10	,	66990.98	
28.11	,	67027.09	
28.12	,	67063.20	
28.13	,	67099.32	
28.14	,	67135.45	
28.15	,	67171.58	
28.16	,	67207.72	
28.17	,	67243.86	
28.18	,	67280.01	
28.19	,	67316.16	
28.20	,	67352.32	
28.21	,	67388.49	
28.22	,	67424.66	
28.23	,	67460.84	
28.24	,	67497.02	
28.25	,	67533.21	
28.26	,	67569.40	
28.27	,	67605.60	
28.28	,	67641.81	
28.29	,	67678.02	
28.30	,	67714.24	
28.31	,	67750.46	
28.32	,	67786.69	
28.33	,	67822.93	
28.34	,	67859.17	
28.35	,	67895.42	
28.36	,	67931.67	
28.37	,	67967.93	
28.38	,	68004.19	
28.39	,	68040.46	
28.40	,	68076.73	
28.41	,	68113.02	
28.42	,	68149.30	
28.43	,	68185.59	
28.44	,	68221.89	
28.45	,	68258.20	
28.46	,	68294.51	
28.47	,	68330.82	
28.48	,	68367.14	
28.49	,	68403.47	
28.50	,	68439.80	
28.51	,	68476.14	
28.52	,	68512.49	
28.53	,	68548.84	
28.54	,	68585.19	
28.55	,	68621.55	
28.56	,	68657.92	
28.57	,	68694.29	
28.58	,	68730.67	
28.59	,	68767.06	
28.60	,	68803.45	
28.61	,	68839.84	
28.62	,	68876.24	
28.63	,	68912.65	
28.64	,	68949.06	
28.65	,	68985.48	
28.66	,	69021.91	
28.67	,	69058.33	
28.68	,	69094.77	
28.69	,	69131.21	
28.70	,	69167.66	
28.71	,	69204.11	
28.72	,	69240.57	
28.73	,	69277.03	
28.74	,	69313.50	
28.75	,	69349.98	
28.76	,	69386.46	
28.77	,	69422.95	
28.78	,	69459.44	
28.79	,	69495.94	
28.80	,	69532.44	
28.81	,	69568.95	
28.82	,	69605.47	
28.83	,	69641.99	
28.84	,	69678.52	
28.85	,	69715.05	
28.86	,	69751.59	
28.87	,	69788.13	
28.88	,	69824.68	
28.89	,	69861.24	
28.90	,	69897.80	
28.91	,	69934.37	
28.92	,	69970.94	
28.93	,	70007.52	
28.94	,	70044.10	
28.95	,	70080.69	
28.96	,	70117.28	
28.97	,	70153.89	
28.98	,	70190.49	
28.99	,	70227.10	
29.00	,	70263.72	
29.01	,	70300.35	
29.02	,	70336.97	
29.03	,	70373.61	
29.04	,	70410.25	
29.05	,	70446.90	
29.06	,	70483.55	
29.07	,	70520.21	
29.08	,	70556.87	
29.09	,	70593.54	
29.10	,	70630.21	
29.11	,	70666.89	
29.12	,	70703.58	
29.13	,	70740.27	
29.14	,	70776.97	
29.15	,	70813.67	
29.16	,	70850.38	
29.17	,	70887.09	
29.18	,	70923.81	
29.19	,	70960.54	
29.20	,	70997.27	
29.21	,	71034.01	
29.22	,	71070.75	
29.23	,	71107.50	
29.24	,	71144.25	
29.25	,	71181.01	
29.26	,	71217.77	
29.27	,	71254.54	
29.28	,	71291.32	
29.29	,	71328.10	
29.30	,	71364.89	
29.31	,	71401.68	
29.32	,	71438.48	
29.33	,	71475.29	
29.34	,	71512.10	
29.35	,	71548.91	
29.36	,	71585.73	
29.37	,	71622.56	
29.38	,	71659.39	
29.39	,	71696.23	
29.40	,	71733.07	
29.41	,	71769.92	
29.42	,	71806.78	
29.43	,	71843.64	
29.44	,	71880.51	
29.45	,	71917.38	
29.46	,	71954.26	
29.47	,	71991.14	
29.48	,	72028.03	
29.49	,	72064.92	
29.50	,	72101.82	
29.51	,	72138.73	
29.52	,	72175.64	
29.53	,	72212.56	
29.54	,	72249.48	
29.55	,	72286.41	
29.56	,	72323.34	
29.57	,	72360.28	
29.58	,	72397.22	
29.59	,	72434.17	
29.60	,	72471.13	
29.61	,	72508.09	
29.62	,	72545.06	
29.63	,	72582.03	
29.64	,	72619.01	
29.65	,	72655.99	
29.66	,	72692.98	
29.67	,	72729.98	
29.68	,	72766.98	
29.69	,	72803.99	
29.70	,	72841.00	
29.71	,	72878.02	
29.72	,	72915.04	
29.73	,	72952.07	
29.74	,	72989.10	
29.75	,	73026.14	
29.76	,	73063.19	
29.77	,	73100.24	
29.78	,	73137.30	
29.79	,	73174.36	
29.80	,	73211.43	
29.81	,	73248.50	
29.82	,	73285.58	
29.83	,	73322.66	
29.84	,	73359.75	
29.85	,	73396.85	
29.86	,	73433.95	
29.87	,	73471.06	
29.88	,	73508.17	
29.89	,	73545.29	
29.90	,	73582.41	
29.91	,	73619.54	
29.92	,	73656.68	
29.93	,	73693.82	
29.94	,	73730.96	
29.95	,	73768.11	
29.96	,	73805.27	
29.97	,	73842.43	
29.98	,	73879.60	
29.99	,	73916.78	
30.00	,	73953.95	
30.01	,	73991.14	
30.02	,	74028.33	
30.03	,	74065.53	
30.04	,	74102.73	
30.05	,	74139.93	
30.06	,	74177.15	
30.07	,	74214.36	
30.08	,	74251.59	
30.09	,	74288.82	
30.10	,	74326.05	
30.11	,	74363.29	
30.12	,	74400.54	
30.13	,	74437.79	
30.14	,	74475.05	
30.15	,	74512.31	
30.16	,	74549.58	
30.17	,	74586.85	
30.18	,	74624.13	
30.19	,	74661.41	
30.20	,	74698.70	
30.21	,	74736.00	
30.22	,	74773.30	
30.23	,	74810.61	
30.24	,	74847.92	
30.25	,	74885.24	
30.26	,	74922.56	
30.27	,	74959.89	
30.28	,	74997.22	
30.29	,	75034.56	
30.30	,	75071.91	
30.31	,	75109.26	
30.32	,	75146.62	
30.33	,	75183.98	
30.34	,	75221.35	
30.35	,	75258.72	
30.36	,	75296.10	
30.37	,	75333.48	
30.38	,	75370.87	
30.39	,	75408.27	
30.40	,	75445.67	
30.41	,	75483.07	
30.42	,	75520.49	
30.43	,	75557.90	
30.44	,	75595.33	
30.45	,	75632.75	
30.46	,	75670.19	
30.47	,	75707.63	
30.48	,	75745.07	
30.49	,	75782.52	
30.50	,	75819.98	
30.51	,	75857.44	
30.52	,	75894.90	
30.53	,	75932.38	
30.54	,	75969.85	
30.55	,	76007.34	
30.56	,	76044.83	
30.57	,	76082.32	
30.58	,	76119.82	
30.59	,	76157.32	
30.60	,	76194.84	
30.61	,	76232.35	
30.62	,	76269.87	
30.63	,	76307.40	
30.64	,	76344.93	
30.65	,	76382.47	
30.66	,	76420.01	
30.67	,	76457.56	
30.68	,	76495.12	
30.69	,	76532.68	
30.70	,	76570.24	
30.71	,	76607.81	
30.72	,	76645.39	
30.73	,	76682.97	
30.74	,	76720.56	
30.75	,	76758.15	
30.76	,	76795.75	
30.77	,	76833.35	
30.78	,	76870.96	
30.79	,	76908.58	
30.80	,	76946.20	
30.81	,	76983.82	
30.82	,	77021.46	
30.83	,	77059.09	
30.84	,	77096.73	
30.85	,	77134.38	
30.86	,	77172.03	
30.87	,	77209.69	
30.88	,	77247.36	
30.89	,	77285.03	
30.90	,	77322.70	
30.91	,	77360.38	
30.92	,	77398.07	
30.93	,	77435.76	
30.94	,	77473.45	
30.95	,	77511.16	
30.96	,	77548.86	
30.97	,	77586.58	
30.98	,	77624.30	
30.99	,	77662.02	
31.00	,	77699.75	
31.01	,	77737.48	
31.02	,	77775.22	
31.03	,	77812.97	
31.04	,	77850.72	
31.05	,	77888.48	
31.06	,	77926.24	
31.07	,	77964.01	
31.08	,	78001.78	
31.09	,	78039.56	
31.10	,	78077.34	
31.11	,	78115.13	
31.12	,	78152.92	
31.13	,	78190.72	
31.14	,	78228.53	
31.15	,	78266.34	
31.16	,	78304.16	
31.17	,	78341.98	
31.18	,	78379.81	
31.19	,	78417.64	
31.20	,	78455.48	
31.21	,	78493.32	
31.22	,	78531.17	
31.23	,	78569.02	
31.24	,	78606.88	
31.25	,	78644.75	
31.26	,	78682.62	
31.27	,	78720.49	
31.28	,	78758.38	
31.29	,	78796.26	
31.30	,	78834.15	
31.31	,	78872.05	
31.32	,	78909.95	
31.33	,	78947.86	
31.34	,	78985.78	
31.35	,	79023.70	
31.36	,	79061.62	
31.37	,	79099.55	
31.38	,	79137.49	
31.39	,	79175.43	
31.40	,	79213.37	
31.41	,	79251.33	
31.42	,	79289.28	
31.43	,	79327.24	
31.44	,	79365.21	
31.45	,	79403.19	
31.46	,	79441.16	
31.47	,	79479.15	
31.48	,	79517.14	
31.49	,	79555.13	
31.50	,	79593.13	
31.51	,	79631.14	
31.52	,	79669.15	
31.53	,	79707.17	
31.54	,	79745.19	
31.55	,	79783.22	
31.56	,	79821.25	
31.57	,	79859.29	
31.58	,	79897.33	
31.59	,	79935.38	
31.60	,	79973.43	
31.61	,	80011.49	
31.62	,	80049.56	
31.63	,	80087.63	
31.64	,	80125.70	
31.65	,	80163.78	
31.66	,	80201.87	
31.67	,	80239.96	
31.68	,	80278.06	
31.69	,	80316.16	
31.70	,	80354.27	
31.71	,	80392.38	
31.72	,	80430.50	
31.73	,	80468.63	
31.74	,	80506.75	
31.75	,	80544.89	
31.76	,	80583.03	
31.77	,	80621.18	
31.78	,	80659.33	
31.79	,	80697.48	
31.80	,	80735.64	
31.81	,	80773.81	
31.82	,	80811.98	
31.83	,	80850.16	
31.84	,	80888.34	
31.85	,	80926.53	
31.86	,	80964.73	
31.87	,	81002.93	
31.88	,	81041.13	
31.89	,	81079.34	
31.90	,	81117.55	
31.91	,	81155.77	
31.92	,	81194.00	
31.93	,	81232.23	
31.94	,	81270.47	
31.95	,	81308.71	
31.96	,	81346.96	
31.97	,	81385.21	
31.98	,	81423.47	
31.99	,	81461.73	
32.00	,	81500.00